cluster,skill_diff,success_coef,fail_coef
0,1.0792,0.21412,-0.35926
1,-0.901575,2.099225,-0.777325
2,0.19366,0.62542,-0.55494
3,1.9596,1.6498,-3.8103
