cluster,skill_diff,success_coef,fail_coef
0,1.0257666666666667,0.2596833333333333,-0.4353666666666667
1,0.052425,0.6599,-0.4897
2,1.9596,1.6498,-3.8103
3,-0.901575,2.099225,-0.777325
