cluster,skill_diff,success_coef,fail_coef
0,0.63643,0.41977000000000003,-0.45709999999999995
1,-0.901575,2.099225,-0.777325
2,1.9596,1.6498,-3.8103
